,customer_id,0,1,0
0,0733,0.6593939393939394,0.3406060606060606,0
1,7779,0.9854014598540146,0.014598540145985401,0
2,9548,0.9854014598540146,0.014598540145985401,0
3,7245,0.7350427350427351,0.26495726495726496,0
4,9688,0.4635938543754175,0.5364061456245826,1
5,1707,0.9291139240506329,0.07088607594936709,0
6,2642,0.9854014598540146,0.014598540145985401,0
7,5311,0.6593939393939394,0.3406060606060606,0
8,4255,0.8117283950617284,0.1882716049382716,0
9,4452,0.6593939393939394,0.3406060606060606,0
10,3359,0.9854014598540146,0.014598540145985401,0
11,6227,0.7350427350427351,0.26495726495726496,0
12,1469,0.4635938543754175,0.5364061456245826,1
13,5600,0.6593939393939394,0.3406060606060606,0
14,9505,0.6593939393939394,0.3406060606060606,0
15,1121,0.9291139240506329,0.07088607594936709,0
16,5649,0.4635938543754175,0.5364061456245826,1
17,8313,0.4635938543754175,0.5364061456245826,1
18,1506,0.9854014598540146,0.014598540145985401,0
19,1042,0.9291139240506329,0.07088607594936709,0
20,8752,0.9291139240506329,0.07088607594936709,0
21,2672,0.4635938543754175,0.5364061456245826,1
22,3996,0.9854014598540146,0.014598540145985401,0
23,7326,0.4635938543754175,0.5364061456245826,1
24,1098,0.8117283950617284,0.1882716049382716,0
25,9774,0.4635938543754175,0.5364061456245826,1
26,0057,0.9854014598540146,0.014598540145985401,0
27,9824,0.6593939393939394,0.3406060606060606,0
28,8735,0.9854014598540146,0.014598540145985401,0
29,6906,0.9291139240506329,0.07088607594936709,0
30,6469,0.8117283950617284,0.1882716049382716,0
31,8109,0.9291139240506329,0.07088607594936709,0
32,6368,0.9854014598540146,0.014598540145985401,0
33,4667,0.9291139240506329,0.07088607594936709,0
34,7623,0.6593939393939394,0.3406060606060606,0
35,8295,0.9854014598540146,0.014598540145985401,0
36,4317,0.6593939393939394,0.3406060606060606,0
37,1891,0.916,0.084,0
38,9863,0.6593939393939394,0.3406060606060606,0
39,9530,0.6593939393939394,0.3406060606060606,0
40,7613,0.4635938543754175,0.5364061456245826,1
41,6352,0.4635938543754175,0.5364061456245826,1
42,5397,0.9291139240506329,0.07088607594936709,0
43,7503,0.4635938543754175,0.5364061456245826,1
44,3307,0.6593939393939394,0.3406060606060606,0
45,4526,0.9854014598540146,0.014598540145985401,0
46,7422,0.4635938543754175,0.5364061456245826,1
47,3896,0.6593939393939394,0.3406060606060606,0
48,9067,0.9291139240506329,0.07088607594936709,0
49,4385,0.6593939393939394,0.3406060606060606,0
50,3836,0.9854014598540146,0.014598540145985401,0
51,7061,0.9291139240506329,0.07088607594936709,0
52,8735,0.8117283950617284,0.1882716049382716,0
53,9624,0.9854014598540146,0.014598540145985401,0
54,3932,0.7350427350427351,0.26495726495726496,0
55,6119,0.9854014598540146,0.014598540145985401,0
56,0013,0.916,0.084,0
57,5076,0.4635938543754175,0.5364061456245826,1
58,2845,0.9854014598540146,0.014598540145985401,0
59,9506,0.4635938543754175,0.5364061456245826,1
60,7207,0.4635938543754175,0.5364061456245826,1
61,1177,0.9291139240506329,0.07088607594936709,0
62,3096,0.7350427350427351,0.26495726495726496,0
63,7795,0.9291139240506329,0.07088607594936709,0
64,7010,0.8117283950617284,0.1882716049382716,0
65,5136,0.4635938543754175,0.5364061456245826,1
66,0947,0.4635938543754175,0.5364061456245826,1
67,8003,0.6593939393939394,0.3406060606060606,0
68,8780,0.4635938543754175,0.5364061456245826,1
69,9399,0.4635938543754175,0.5364061456245826,1
70,9108,0.6593939393939394,0.3406060606060606,0
71,6898,0.9854014598540146,0.014598540145985401,0
72,0354,0.4635938543754175,0.5364061456245826,1
73,9661,0.9854014598540146,0.014598540145985401,0
74,2226,0.9854014598540146,0.014598540145985401,0
75,5039,0.9291139240506329,0.07088607594936709,0
76,0394,0.9854014598540146,0.014598540145985401,0
77,6235,0.6593939393939394,0.3406060606060606,0
78,2138,0.9854014598540146,0.014598540145985401,0
79,5424,0.6593939393939394,0.3406060606060606,0
80,9953,0.9854014598540146,0.014598540145985401,0
81,7563,0.4635938543754175,0.5364061456245826,1
82,2703,0.9291139240506329,0.07088607594936709,0
83,0909,0.6593939393939394,0.3406060606060606,0
84,4686,0.916,0.084,0
85,1661,0.9291139240506329,0.07088607594936709,0
86,6617,0.9291139240506329,0.07088607594936709,0
87,8311,0.9854014598540146,0.014598540145985401,0
88,0259,0.4635938543754175,0.5364061456245826,1
89,8430,0.9291139240506329,0.07088607594936709,0
90,6439,0.9854014598540146,0.014598540145985401,0
91,5160,0.9291139240506329,0.07088607594936709,0
92,0867,0.4635938543754175,0.5364061456245826,1
93,2856,0.6593939393939394,0.3406060606060606,0
94,8999,0.9854014598540146,0.014598540145985401,0
95,9732,0.4635938543754175,0.5364061456245826,1
96,5433,0.4635938543754175,0.5364061456245826,1
97,0128,0.6593939393939394,0.3406060606060606,0
98,7401,0.4635938543754175,0.5364061456245826,1
99,8966,0.9854014598540146,0.014598540145985401,0
100,1217,0.7350427350427351,0.26495726495726496,0
101,9862,0.6593939393939394,0.3406060606060606,0
102,9436,0.4635938543754175,0.5364061456245826,1
103,3521,0.6593939393939394,0.3406060606060606,0
104,9253,0.9291139240506329,0.07088607594936709,0
105,1767,0.9854014598540146,0.014598540145985401,0
106,0942,0.9854014598540146,0.014598540145985401,0
107,3717,0.8117283950617284,0.1882716049382716,0
108,4716,0.9291139240506329,0.07088607594936709,0
109,7153,0.9291139240506329,0.07088607594936709,0
110,5906,0.9291139240506329,0.07088607594936709,0
111,8107,0.916,0.084,0
112,6557,0.4635938543754175,0.5364061456245826,1
113,4853,0.916,0.084,0
114,4139,0.9854014598540146,0.014598540145985401,0
115,8637,0.4635938543754175,0.5364061456245826,1
116,5522,0.4635938543754175,0.5364061456245826,1
117,5297,0.9291139240506329,0.07088607594936709,0
118,4422,0.6593939393939394,0.3406060606060606,0
119,7137,0.9291139240506329,0.07088607594936709,0
120,3512,0.9854014598540146,0.014598540145985401,0
121,5624,0.6593939393939394,0.3406060606060606,0
122,7253,0.9854014598540146,0.014598540145985401,0
123,5168,0.7350427350427351,0.26495726495726496,0
124,9150,0.9291139240506329,0.07088607594936709,0
125,6734,0.4635938543754175,0.5364061456245826,1
126,7089,0.9291139240506329,0.07088607594936709,0
127,3030,0.4635938543754175,0.5364061456245826,1
128,3640,0.4635938543754175,0.5364061456245826,1
129,0248,0.9854014598540146,0.014598540145985401,0
130,1396,0.4635938543754175,0.5364061456245826,1
131,7969,0.4635938543754175,0.5364061456245826,1
132,2984,0.916,0.084,0
133,0396,0.4635938543754175,0.5364061456245826,1
134,6427,0.9854014598540146,0.014598540145985401,0
135,9866,0.4635938543754175,0.5364061456245826,1
136,9054,0.4635938543754175,0.5364061456245826,1
137,2592,0.8117283950617284,0.1882716049382716,0
138,4176,0.9854014598540146,0.014598540145985401,0
139,0661,0.9291139240506329,0.07088607594936709,0
140,5338,0.9854014598540146,0.014598540145985401,0
141,1934,0.8117283950617284,0.1882716049382716,0
142,6508,0.9291139240506329,0.07088607594936709,0
143,8474,0.6593939393939394,0.3406060606060606,0
144,3522,0.4635938543754175,0.5364061456245826,1
145,4083,0.8117283950617284,0.1882716049382716,0
146,9681,0.4635938543754175,0.5364061456245826,1
147,4983,0.4635938543754175,0.5364061456245826,1
148,5730,0.9854014598540146,0.014598540145985401,0
149,0699,0.6593939393939394,0.3406060606060606,0
150,9943,0.4635938543754175,0.5364061456245826,1
151,1009,0.8117283950617284,0.1882716049382716,0
152,0835,0.916,0.084,0
153,1215,0.9854014598540146,0.014598540145985401,0
154,1930,0.4635938543754175,0.5364061456245826,1
155,8887,0.6593939393939394,0.3406060606060606,0
156,7363,0.4635938543754175,0.5364061456245826,1
157,7989,0.8117283950617284,0.1882716049382716,0
158,0581,0.4635938543754175,0.5364061456245826,1
159,5760,0.4635938543754175,0.5364061456245826,1
160,9938,0.9291139240506329,0.07088607594936709,0
161,1513,0.4635938543754175,0.5364061456245826,1
162,6924,0.9291139240506329,0.07088607594936709,0
163,8740,0.4635938543754175,0.5364061456245826,1
164,4690,0.6593939393939394,0.3406060606060606,0
165,6362,0.7350427350427351,0.26495726495726496,0
166,9507,0.9854014598540146,0.014598540145985401,0
167,6072,0.9291139240506329,0.07088607594936709,0
168,8327,0.9291139240506329,0.07088607594936709,0
169,8938,0.4635938543754175,0.5364061456245826,1
170,5022,0.4635938543754175,0.5364061456245826,1
171,3566,0.9854014598540146,0.014598540145985401,0
172,6668,0.9291139240506329,0.07088607594936709,0
173,5146,0.4635938543754175,0.5364061456245826,1
174,9739,0.916,0.084,0
175,7244,0.9291139240506329,0.07088607594936709,0
176,3070,0.916,0.084,0
177,6475,0.6593939393939394,0.3406060606060606,0
178,9142,0.6593939393939394,0.3406060606060606,0
179,8597,0.9291139240506329,0.07088607594936709,0
180,4282,0.6593939393939394,0.3406060606060606,0
181,4191,0.4635938543754175,0.5364061456245826,1
182,6910,0.4635938543754175,0.5364061456245826,1
183,3640,0.6593939393939394,0.3406060606060606,0
184,7660,0.6593939393939394,0.3406060606060606,0
185,7663,0.6593939393939394,0.3406060606060606,0
186,7595,0.6593939393939394,0.3406060606060606,0
187,5275,0.9854014598540146,0.014598540145985401,0
188,2977,0.9854014598540146,0.014598540145985401,0
189,7690,0.9291139240506329,0.07088607594936709,0
190,1563,0.8117283950617284,0.1882716049382716,0
191,3173,0.9854014598540146,0.014598540145985401,0
192,7740,0.916,0.084,0
193,7794,0.6593939393939394,0.3406060606060606,0
194,2907,0.9291139240506329,0.07088607594936709,0
195,4529,0.4635938543754175,0.5364061456245826,1
196,6906,0.4635938543754175,0.5364061456245826,1
197,8205,0.9854014598540146,0.014598540145985401,0
198,7629,0.7350427350427351,0.26495726495726496,0
199,1769,0.4635938543754175,0.5364061456245826,1
200,7471,0.9291139240506329,0.07088607594936709,0
201,9462,0.6593939393939394,0.3406060606060606,0
202,5219,0.4635938543754175,0.5364061456245826,1
203,4360,0.4635938543754175,0.5364061456245826,1
204,8260,0.6593939393939394,0.3406060606060606,0
205,8065,0.4635938543754175,0.5364061456245826,1
206,4877,0.9291139240506329,0.07088607594936709,0
207,4119,0.916,0.084,0
208,2815,0.4635938543754175,0.5364061456245826,1
209,1099,0.9291139240506329,0.07088607594936709,0
210,9755,0.9854014598540146,0.014598540145985401,0
211,3803,0.8117283950617284,0.1882716049382716,0
212,8644,0.6593939393939394,0.3406060606060606,0
213,7966,0.6593939393939394,0.3406060606060606,0
214,7550,0.7350427350427351,0.26495726495726496,0
215,3458,0.9854014598540146,0.014598540145985401,0
216,3312,0.4635938543754175,0.5364061456245826,1
217,9242,0.9854014598540146,0.014598540145985401,0
218,2202,0.4635938543754175,0.5364061456245826,1
219,2232,0.6593939393939394,0.3406060606060606,0
220,9522,0.9291139240506329,0.07088607594936709,0
221,6289,0.9291139240506329,0.07088607594936709,0
222,7167,0.9854014598540146,0.014598540145985401,0
223,3137,0.6593939393939394,0.3406060606060606,0
224,9092,0.6593939393939394,0.3406060606060606,0
225,6586,0.9291139240506329,0.07088607594936709,0
226,7890,0.6593939393939394,0.3406060606060606,0
227,0218,0.7350427350427351,0.26495726495726496,0
228,7860,0.9854014598540146,0.014598540145985401,0
229,9728,0.6593939393939394,0.3406060606060606,0
230,1996,0.4635938543754175,0.5364061456245826,1
231,8799,0.6593939393939394,0.3406060606060606,0
232,6674,0.9291139240506329,0.07088607594936709,0
233,0907,0.916,0.084,0
234,1196,0.4635938543754175,0.5364061456245826,1
235,5995,0.9854014598540146,0.014598540145985401,0
236,2115,0.4635938543754175,0.5364061456245826,1
237,4280,0.6593939393939394,0.3406060606060606,0
238,5419,0.4635938543754175,0.5364061456245826,1
239,9637,0.916,0.084,0
240,8024,0.916,0.084,0
241,7416,0.9854014598540146,0.014598540145985401,0
242,7501,0.6593939393939394,0.3406060606060606,0
243,5215,0.6593939393939394,0.3406060606060606,0
244,0068,0.9291139240506329,0.07088607594936709,0
245,7421,0.6593939393939394,0.3406060606060606,0
246,4628,0.6593939393939394,0.3406060606060606,0
247,5519,0.9291139240506329,0.07088607594936709,0
248,8337,0.4635938543754175,0.5364061456245826,1
249,1357,0.7350427350427351,0.26495726495726496,0
250,7246,0.6593939393939394,0.3406060606060606,0
251,2732,0.8117283950617284,0.1882716049382716,0
252,4817,0.4635938543754175,0.5364061456245826,1
253,1222,0.8117283950617284,0.1882716049382716,0
254,2688,0.4635938543754175,0.5364061456245826,1
255,1752,0.9291139240506329,0.07088607594936709,0
256,5364,0.4635938543754175,0.5364061456245826,1
257,2545,0.9854014598540146,0.014598540145985401,0
258,4890,0.9291139240506329,0.07088607594936709,0
259,3158,0.4635938543754175,0.5364061456245826,1
260,4208,0.6593939393939394,0.3406060606060606,0
261,7868,0.9291139240506329,0.07088607594936709,0
262,5197,0.9854014598540146,0.014598540145985401,0
263,5269,0.9291139240506329,0.07088607594936709,0
264,8851,0.4635938543754175,0.5364061456245826,1
265,2674,0.4635938543754175,0.5364061456245826,1
266,1862,0.9854014598540146,0.014598540145985401,0
267,8065,0.4635938543754175,0.5364061456245826,1
268,6013,0.9854014598540146,0.014598540145985401,0
269,3992,0.7441860465116279,0.2558139534883721,0
270,4634,0.8117283950617284,0.1882716049382716,0
271,8654,0.6593939393939394,0.3406060606060606,0
272,0289,0.6593939393939394,0.3406060606060606,0
273,4315,0.4635938543754175,0.5364061456245826,1
274,3317,0.4635938543754175,0.5364061456245826,1
275,3262,0.9854014598540146,0.014598540145985401,0
276,7548,0.4635938543754175,0.5364061456245826,1
277,9577,0.6593939393939394,0.3406060606060606,0
278,2984,0.9854014598540146,0.014598540145985401,0
279,3280,0.9854014598540146,0.014598540145985401,0
280,4412,0.4635938543754175,0.5364061456245826,1
281,6918,0.4635938543754175,0.5364061456245826,1
282,8706,0.6593939393939394,0.3406060606060606,0
283,1755,0.8117283950617284,0.1882716049382716,0
284,1571,0.4635938543754175,0.5364061456245826,1
285,1142,0.6593939393939394,0.3406060606060606,0
286,2371,0.4635938543754175,0.5364061456245826,1
287,9638,0.6593939393939394,0.3406060606060606,0
288,8639,0.916,0.084,0
289,6769,0.4635938543754175,0.5364061456245826,1
290,5204,0.6593939393939394,0.3406060606060606,0
291,2889,0.7350427350427351,0.26495726495726496,0
292,6250,0.9291139240506329,0.07088607594936709,0
293,7593,0.6593939393939394,0.3406060606060606,0
294,4423,0.4635938543754175,0.5364061456245826,1
295,3487,0.9291139240506329,0.07088607594936709,0
296,9497,0.4635938543754175,0.5364061456245826,1
297,7055,0.916,0.084,0
298,4123,0.4635938543754175,0.5364061456245826,1
299,5887,0.9854014598540146,0.014598540145985401,0
300,8091,0.7350427350427351,0.26495726495726496,0
301,2604,0.6593939393939394,0.3406060606060606,0
302,8559,0.9291139240506329,0.07088607594936709,0
303,3413,0.6593939393939394,0.3406060606060606,0
304,0867,0.4635938543754175,0.5364061456245826,1
305,7826,0.916,0.084,0
306,6376,0.4635938543754175,0.5364061456245826,1
307,7148,0.4635938543754175,0.5364061456245826,1
308,7950,0.6593939393939394,0.3406060606060606,0
309,9668,0.9854014598540146,0.014598540145985401,0
310,2868,0.9291139240506329,0.07088607594936709,0
311,6270,0.9291139240506329,0.07088607594936709,0
312,5073,0.6593939393939394,0.3406060606060606,0
313,7228,0.9291139240506329,0.07088607594936709,0
314,9279,0.4635938543754175,0.5364061456245826,1
315,9150,0.9854014598540146,0.014598540145985401,0
316,9058,0.6593939393939394,0.3406060606060606,0
317,4698,0.9854014598540146,0.014598540145985401,0
318,5155,0.6593939393939394,0.3406060606060606,0
319,7115,0.9854014598540146,0.014598540145985401,0
320,3617,0.916,0.084,0
321,6870,0.9291139240506329,0.07088607594936709,0
322,3537,0.4635938543754175,0.5364061456245826,1
323,1925,0.8117283950617284,0.1882716049382716,0
324,6727,0.9854014598540146,0.014598540145985401,0
325,3419,0.4635938543754175,0.5364061456245826,1
326,0556,0.9854014598540146,0.014598540145985401,0
327,8263,0.916,0.084,0
328,2725,0.9854014598540146,0.014598540145985401,0
329,6100,0.9291139240506329,0.07088607594936709,0
330,3733,0.6593939393939394,0.3406060606060606,0
331,3374,0.4635938543754175,0.5364061456245826,1
332,6350,0.4635938543754175,0.5364061456245826,1
333,9362,0.6593939393939394,0.3406060606060606,0
334,0067,0.6593939393939394,0.3406060606060606,0
335,1679,0.7350427350427351,0.26495726495726496,0
336,7517,0.4635938543754175,0.5364061456245826,1
337,7964,0.9291139240506329,0.07088607594936709,0
338,4495,0.6593939393939394,0.3406060606060606,0
339,2514,0.4635938543754175,0.5364061456245826,1
340,5913,0.9291139240506329,0.07088607594936709,0
341,6543,0.9291139240506329,0.07088607594936709,0
342,3892,0.916,0.084,0
343,2753,0.9854014598540146,0.014598540145985401,0
344,5348,0.4635938543754175,0.5364061456245826,1
345,3481,0.4635938543754175,0.5364061456245826,1
346,6158,0.6593939393939394,0.3406060606060606,0
347,8782,0.4635938543754175,0.5364061456245826,1
348,7394,0.4635938543754175,0.5364061456245826,1
349,3452,0.4635938543754175,0.5364061456245826,1
350,9734,0.4635938543754175,0.5364061456245826,1
351,5198,0.9291139240506329,0.07088607594936709,0
352,8495,0.6593939393939394,0.3406060606060606,0
353,4312,0.9854014598540146,0.014598540145985401,0
354,6461,0.9291139240506329,0.07088607594936709,0
355,0637,0.4635938543754175,0.5364061456245826,1
356,2275,0.6593939393939394,0.3406060606060606,0
357,0164,0.916,0.084,0
358,7855,0.6593939393939394,0.3406060606060606,0
359,7766,0.6593939393939394,0.3406060606060606,0
360,3945,0.6593939393939394,0.3406060606060606,0
361,2530,0.9854014598540146,0.014598540145985401,0
362,2452,0.9854014598540146,0.014598540145985401,0
363,3254,0.4635938543754175,0.5364061456245826,1
364,3589,0.6593939393939394,0.3406060606060606,0
365,1270,0.9854014598540146,0.014598540145985401,0
366,2834,0.9291139240506329,0.07088607594936709,0
367,6749,0.916,0.084,0
368,6513,0.4635938543754175,0.5364061456245826,1
369,0757,0.9854014598540146,0.014598540145985401,0
370,1963,0.6593939393939394,0.3406060606060606,0
371,4106,0.9291139240506329,0.07088607594936709,0
372,9847,0.9291139240506329,0.07088607594936709,0
373,7558,0.9854014598540146,0.014598540145985401,0
374,6732,0.9291139240506329,0.07088607594936709,0
375,2937,0.6593939393939394,0.3406060606060606,0
376,6741,0.4635938543754175,0.5364061456245826,1
377,7028,0.4635938543754175,0.5364061456245826,1
378,3239,0.9854014598540146,0.014598540145985401,0
379,3923,0.4635938543754175,0.5364061456245826,1
380,8652,0.9291139240506329,0.07088607594936709,0
381,1684,0.4635938543754175,0.5364061456245826,1
382,5562,0.8117283950617284,0.1882716049382716,0
383,5590,0.4635938543754175,0.5364061456245826,1
384,5619,0.6593939393939394,0.3406060606060606,0
385,0208,0.8117283950617284,0.1882716049382716,0
386,1746,0.4635938543754175,0.5364061456245826,1
387,7602,0.9854014598540146,0.014598540145985401,0
388,6581,0.6593939393939394,0.3406060606060606,0
389,6650,0.916,0.084,0
390,9747,0.4635938543754175,0.5364061456245826,1
391,4302,0.9291139240506329,0.07088607594936709,0
392,2361,0.9291139240506329,0.07088607594936709,0
393,2498,0.9854014598540146,0.014598540145985401,0
394,4514,0.4635938543754175,0.5364061456245826,1
395,5555,0.6593939393939394,0.3406060606060606,0
396,2982,0.4635938543754175,0.5364061456245826,1
397,1814,0.6593939393939394,0.3406060606060606,0
398,1459,0.9854014598540146,0.014598540145985401,0
399,0030,0.8117283950617284,0.1882716049382716,0
400,1169,0.4635938543754175,0.5364061456245826,1
401,7180,0.4635938543754175,0.5364061456245826,1
402,7734,0.6593939393939394,0.3406060606060606,0
403,0970,0.4635938543754175,0.5364061456245826,1
404,0112,0.9291139240506329,0.07088607594936709,0
405,2826,0.6593939393939394,0.3406060606060606,0
406,5939,0.6593939393939394,0.3406060606060606,0
407,7617,0.8117283950617284,0.1882716049382716,0
408,2257,0.6593939393939394,0.3406060606060606,0
409,5533,0.6593939393939394,0.3406060606060606,0
410,4957,0.9854014598540146,0.014598540145985401,0
411,3768,0.9854014598540146,0.014598540145985401,0
412,5840,0.9854014598540146,0.014598540145985401,0
413,6439,0.6593939393939394,0.3406060606060606,0
414,7647,0.9854014598540146,0.014598540145985401,0
415,9637,0.6593939393939394,0.3406060606060606,0
416,4291,0.8117283950617284,0.1882716049382716,0
417,7929,0.916,0.084,0
418,3791,0.4635938543754175,0.5364061456245826,1
419,6258,0.6593939393939394,0.3406060606060606,0
420,1905,0.8117283950617284,0.1882716049382716,0
421,9053,0.4635938543754175,0.5364061456245826,1
422,7067,0.7350427350427351,0.26495726495726496,0
423,5931,0.4635938543754175,0.5364061456245826,1
424,2439,0.8117283950617284,0.1882716049382716,0
425,0027,0.4635938543754175,0.5364061456245826,1
426,1766,0.4635938543754175,0.5364061456245826,1
427,6479,0.9291139240506329,0.07088607594936709,0
428,6339,0.4635938543754175,0.5364061456245826,1
429,4376,0.916,0.084,0
430,9411,0.9291139240506329,0.07088607594936709,0
431,5103,0.6593939393939394,0.3406060606060606,0
432,7534,0.4635938543754175,0.5364061456245826,1
433,0224,0.6593939393939394,0.3406060606060606,0
434,7722,0.7350427350427351,0.26495726495726496,0
435,7407,0.8117283950617284,0.1882716049382716,0
436,9799,0.4635938543754175,0.5364061456245826,1
437,3295,0.4635938543754175,0.5364061456245826,1
438,9089,0.6593939393939394,0.3406060606060606,0
439,1229,0.7350427350427351,0.26495726495726496,0
440,0082,0.6593939393939394,0.3406060606060606,0
441,7139,0.9854014598540146,0.014598540145985401,0
442,7321,0.4635938543754175,0.5364061456245826,1
443,3926,0.9291139240506329,0.07088607594936709,0
444,3026,0.9291139240506329,0.07088607594936709,0
445,8908,0.9854014598540146,0.014598540145985401,0
446,5056,0.7350427350427351,0.26495726495726496,0
447,6322,0.9854014598540146,0.014598540145985401,0
448,8665,0.6593939393939394,0.3406060606060606,0
449,4622,0.9854014598540146,0.014598540145985401,0
450,0193,0.7350427350427351,0.26495726495726496,0
451,9274,0.4635938543754175,0.5364061456245826,1
452,1337,0.9291139240506329,0.07088607594936709,0
453,9972,0.6593939393939394,0.3406060606060606,0
454,1455,0.4635938543754175,0.5364061456245826,1
455,2239,0.9291139240506329,0.07088607594936709,0
456,4030,0.6593939393939394,0.3406060606060606,0
457,1237,0.8117283950617284,0.1882716049382716,0
458,0221,0.4635938543754175,0.5364061456245826,1
459,4795,0.9291139240506329,0.07088607594936709,0
460,0899,0.4635938543754175,0.5364061456245826,1
461,8099,0.916,0.084,0
462,1395,0.6593939393939394,0.3406060606060606,0
463,3120,0.9854014598540146,0.014598540145985401,0
464,8606,0.916,0.084,0
465,0930,0.9291139240506329,0.07088607594936709,0
466,8016,0.9291139240506329,0.07088607594936709,0
467,1023,0.9854014598540146,0.014598540145985401,0
468,0742,0.916,0.084,0
469,6946,0.9291139240506329,0.07088607594936709,0
470,3692,0.7350427350427351,0.26495726495726496,0
471,8777,0.916,0.084,0
472,0943,0.4635938543754175,0.5364061456245826,1
473,7811,0.6593939393939394,0.3406060606060606,0
474,4482,0.4635938543754175,0.5364061456245826,1
475,1150,0.9291139240506329,0.07088607594936709,0
476,2360,0.4635938543754175,0.5364061456245826,1
477,1322,0.6593939393939394,0.3406060606060606,0
478,6994,0.7350427350427351,0.26495726495726496,0
479,2004,0.4635938543754175,0.5364061456245826,1
480,3716,0.6593939393939394,0.3406060606060606,0
481,5515,0.4635938543754175,0.5364061456245826,1
482,5850,0.8117283950617284,0.1882716049382716,0
483,6435,0.4635938543754175,0.5364061456245826,1
484,2581,0.9291139240506329,0.07088607594936709,0
485,6008,0.9291139240506329,0.07088607594936709,0
486,6683,0.4635938543754175,0.5364061456245826,1
487,5756,0.9291139240506329,0.07088607594936709,0
488,4238,0.4635938543754175,0.5364061456245826,1
489,7952,0.4635938543754175,0.5364061456245826,1
490,5181,0.9854014598540146,0.014598540145985401,0
491,2190,0.4635938543754175,0.5364061456245826,1
492,6919,0.916,0.084,0
493,1422,0.9291139240506329,0.07088607594936709,0
494,3810,0.9854014598540146,0.014598540145985401,0
495,2276,0.4635938543754175,0.5364061456245826,1
496,3316,0.4635938543754175,0.5364061456245826,1
497,3981,0.8117283950617284,0.1882716049382716,0
498,0980,0.9291139240506329,0.07088607594936709,0
499,5329,0.9854014598540146,0.014598540145985401,0
500,7623,0.8117283950617284,0.1882716049382716,0
501,2424,0.4635938543754175,0.5364061456245826,1
502,8220,0.9291139240506329,0.07088607594936709,0
503,4587,0.4635938543754175,0.5364061456245826,1
504,0851,0.6593939393939394,0.3406060606060606,0
505,7928,0.4635938543754175,0.5364061456245826,1
506,9467,0.8117283950617284,0.1882716049382716,0
507,3511,0.9854014598540146,0.014598540145985401,0
508,5089,0.916,0.084,0
509,1187,0.9854014598540146,0.014598540145985401,0
510,7217,0.4635938543754175,0.5364061456245826,1
511,1895,0.6593939393939394,0.3406060606060606,0
512,2091,0.6593939393939394,0.3406060606060606,0
513,9581,0.9291139240506329,0.07088607594936709,0
514,3132,0.6593939393939394,0.3406060606060606,0
515,0409,0.7350427350427351,0.26495726495726496,0
516,2637,0.6593939393939394,0.3406060606060606,0
517,7450,0.4635938543754175,0.5364061456245826,1
518,9800,0.9854014598540146,0.014598540145985401,0
519,6092,0.4635938543754175,0.5364061456245826,1
520,7080,0.9291139240506329,0.07088607594936709,0
521,1565,0.4635938543754175,0.5364061456245826,1
522,2038,0.4635938543754175,0.5364061456245826,1
523,1346,0.4635938543754175,0.5364061456245826,1
524,9470,0.4635938543754175,0.5364061456245826,1
525,2146,0.9854014598540146,0.014598540145985401,0
526,2900,0.9854014598540146,0.014598540145985401,0
527,6347,0.4635938543754175,0.5364061456245826,1
528,4939,0.6593939393939394,0.3406060606060606,0
529,6447,0.9291139240506329,0.07088607594936709,0
530,6582,0.9854014598540146,0.014598540145985401,0
531,1400,0.4635938543754175,0.5364061456245826,1
532,4446,0.4635938543754175,0.5364061456245826,1
533,0117,0.6593939393939394,0.3406060606060606,0
534,6275,0.4635938543754175,0.5364061456245826,1
535,9432,0.916,0.084,0
536,4891,0.9854014598540146,0.014598540145985401,0
537,0265,0.4635938543754175,0.5364061456245826,1
538,5386,0.9291139240506329,0.07088607594936709,0
539,3106,0.4635938543754175,0.5364061456245826,1
540,4441,0.4635938543754175,0.5364061456245826,1
541,5244,0.4635938543754175,0.5364061456245826,1
542,6715,0.4635938543754175,0.5364061456245826,1
543,8015,0.916,0.084,0
544,8232,0.9854014598540146,0.014598540145985401,0
545,3934,0.4635938543754175,0.5364061456245826,1
546,6723,0.7350427350427351,0.26495726495726496,0
547,7216,0.4635938543754175,0.5364061456245826,1
548,5144,0.8117283950617284,0.1882716049382716,0
549,2476,0.4635938543754175,0.5364061456245826,1
550,3794,0.6593939393939394,0.3406060606060606,0
551,3627,0.4635938543754175,0.5364061456245826,1
552,3413,0.6593939393939394,0.3406060606060606,0
553,7716,0.9291139240506329,0.07088607594936709,0
554,0236,0.4635938543754175,0.5364061456245826,1
555,3717,0.4635938543754175,0.5364061456245826,1
556,1184,0.4635938543754175,0.5364061456245826,1
557,8563,0.9291139240506329,0.07088607594936709,0
558,8404,0.9854014598540146,0.014598540145985401,0
559,3672,0.4635938543754175,0.5364061456245826,1
560,4710,0.6593939393939394,0.3406060606060606,0
561,5366,0.6593939393939394,0.3406060606060606,0
562,4782,0.9854014598540146,0.014598540145985401,0
563,8805,0.6593939393939394,0.3406060606060606,0
564,6807,0.7350427350427351,0.26495726495726496,0
565,9867,0.9291139240506329,0.07088607594936709,0
566,9945,0.9854014598540146,0.014598540145985401,0
567,5669,0.6593939393939394,0.3406060606060606,0
568,9974,0.4635938543754175,0.5364061456245826,1
569,2479,0.4635938543754175,0.5364061456245826,1
570,3078,0.9854014598540146,0.014598540145985401,0
571,8388,0.9854014598540146,0.014598540145985401,0
572,6849,0.7350427350427351,0.26495726495726496,0
573,9388,0.9291139240506329,0.07088607594936709,0
574,2722,0.7350427350427351,0.26495726495726496,0
575,8878,0.6593939393939394,0.3406060606060606,0
576,7434,0.8117283950617284,0.1882716049382716,0
577,8580,0.4635938543754175,0.5364061456245826,1
578,2057,0.4635938543754175,0.5364061456245826,1
579,6323,0.9854014598540146,0.014598540145985401,0
580,6838,0.9854014598540146,0.014598540145985401,0
581,7622,0.9854014598540146,0.014598540145985401,0
582,4439,0.4635938543754175,0.5364061456245826,1
583,4390,0.8117283950617284,0.1882716049382716,0
584,5630,0.4635938543754175,0.5364061456245826,1
585,2667,0.9291139240506329,0.07088607594936709,0
586,6402,0.9291139240506329,0.07088607594936709,0
587,8414,0.4635938543754175,0.5364061456245826,1
588,0048,0.9291139240506329,0.07088607594936709,0
589,5473,0.7350427350427351,0.26495726495726496,0
590,1568,0.9854014598540146,0.014598540145985401,0
591,4377,0.9291139240506329,0.07088607594936709,0
592,0164,0.9854014598540146,0.014598540145985401,0
593,7277,0.9854014598540146,0.014598540145985401,0
594,9140,0.9854014598540146,0.014598540145985401,0
595,1580,0.4635938543754175,0.5364061456245826,1
596,1866,0.4635938543754175,0.5364061456245826,1
597,2808,0.9854014598540146,0.014598540145985401,0
598,9392,0.9854014598540146,0.014598540145985401,0
599,6400,0.4635938543754175,0.5364061456245826,1
600,0709,0.4635938543754175,0.5364061456245826,1
601,3930,0.8117283950617284,0.1882716049382716,0
602,0468,0.4635938543754175,0.5364061456245826,1
603,4959,0.6593939393939394,0.3406060606060606,0
604,9919,0.9854014598540146,0.014598540145985401,0
605,7537,0.6593939393939394,0.3406060606060606,0
606,6103,0.4635938543754175,0.5364061456245826,1
607,2817,0.9854014598540146,0.014598540145985401,0
608,1241,0.9854014598540146,0.014598540145985401,0
609,8084,0.9291139240506329,0.07088607594936709,0
610,3156,0.8117283950617284,0.1882716049382716,0
611,6549,0.6593939393939394,0.3406060606060606,0
612,8879,0.9291139240506329,0.07088607594936709,0
613,2300,0.9854014598540146,0.014598540145985401,0
614,3398,0.6593939393939394,0.3406060606060606,0
615,4670,0.916,0.084,0
616,6408,0.9854014598540146,0.014598540145985401,0
617,4750,0.9291139240506329,0.07088607594936709,0
618,5575,0.4635938543754175,0.5364061456245826,1
619,2606,0.9291139240506329,0.07088607594936709,0
620,3244,0.916,0.084,0
621,7394,0.4635938543754175,0.5364061456245826,1
622,8429,0.4635938543754175,0.5364061456245826,1
623,5371,0.4635938543754175,0.5364061456245826,1
624,5127,0.9291139240506329,0.07088607594936709,0
625,4419,0.916,0.084,0
626,4903,0.8117283950617284,0.1882716049382716,0
627,5597,0.4635938543754175,0.5364061456245826,1
628,5550,0.4635938543754175,0.5364061456245826,1
629,1555,0.9854014598540146,0.014598540145985401,0
630,6695,0.9854014598540146,0.014598540145985401,0
631,8593,0.4635938543754175,0.5364061456245826,1
632,6029,0.6593939393939394,0.3406060606060606,0
633,3134,0.916,0.084,0
634,5813,0.4635938543754175,0.5364061456245826,1
635,1597,0.4635938543754175,0.5364061456245826,1
636,8573,0.8117283950617284,0.1882716049382716,0
637,7580,0.6593939393939394,0.3406060606060606,0
638,1031,0.4635938543754175,0.5364061456245826,1
639,9227,0.9854014598540146,0.014598540145985401,0
640,2211,0.9854014598540146,0.014598540145985401,0
641,5802,0.7350427350427351,0.26495726495726496,0
642,3739,0.9291139240506329,0.07088607594936709,0
643,0224,0.6593939393939394,0.3406060606060606,0
644,3221,0.6593939393939394,0.3406060606060606,0
645,8388,0.6593939393939394,0.3406060606060606,0
646,7945,0.9291139240506329,0.07088607594936709,0
647,6176,0.916,0.084,0
648,5622,0.9854014598540146,0.014598540145985401,0
649,0906,0.916,0.084,0
650,3714,0.4635938543754175,0.5364061456245826,1
651,2180,0.4635938543754175,0.5364061456245826,1
652,2223,0.916,0.084,0
653,3696,0.9854014598540146,0.014598540145985401,0
654,8042,0.4635938543754175,0.5364061456245826,1
655,5649,0.4635938543754175,0.5364061456245826,1
656,2307,0.916,0.084,0
657,5857,0.9291139240506329,0.07088607594936709,0
658,4465,0.4635938543754175,0.5364061456245826,1
659,3913,0.9854014598540146,0.014598540145985401,0
660,3957,0.4635938543754175,0.5364061456245826,1
661,1813,0.9291139240506329,0.07088607594936709,0
662,5442,0.6593939393939394,0.3406060606060606,0
663,9600,0.4635938543754175,0.5364061456245826,1
664,7537,0.7441860465116279,0.2558139534883721,0
665,0578,0.4635938543754175,0.5364061456245826,1
666,9208,0.4635938543754175,0.5364061456245826,1
667,4039,0.4635938543754175,0.5364061456245826,1
668,2796,0.9854014598540146,0.014598540145985401,0
669,7129,0.4635938543754175,0.5364061456245826,1
670,0420,0.6593939393939394,0.3406060606060606,0
671,8922,0.9854014598540146,0.014598540145985401,0
672,9796,0.9854014598540146,0.014598540145985401,0
673,8229,0.6593939393939394,0.3406060606060606,0
674,8086,0.4635938543754175,0.5364061456245826,1
675,3590,0.8117283950617284,0.1882716049382716,0
676,2272,0.7350427350427351,0.26495726495726496,0
677,7504,0.4635938543754175,0.5364061456245826,1
678,6543,0.4635938543754175,0.5364061456245826,1
679,2821,0.9291139240506329,0.07088607594936709,0
680,5125,0.9291139240506329,0.07088607594936709,0
681,0464,0.9854014598540146,0.014598540145985401,0
682,0804,0.9291139240506329,0.07088607594936709,0
683,9185,0.4635938543754175,0.5364061456245826,1
684,0270,0.9854014598540146,0.014598540145985401,0
685,5144,0.4635938543754175,0.5364061456245826,1
686,5730,0.6593939393939394,0.3406060606060606,0
687,0595,0.4635938543754175,0.5364061456245826,1
688,8677,0.4635938543754175,0.5364061456245826,1
689,2675,0.4635938543754175,0.5364061456245826,1
690,3410,0.9291139240506329,0.07088607594936709,0
691,4881,0.8117283950617284,0.1882716049382716,0
692,8309,0.916,0.084,0
693,1508,0.4635938543754175,0.5364061456245826,1
694,5115,0.9854014598540146,0.014598540145985401,0
695,2668,0.8117283950617284,0.1882716049382716,0
696,3785,0.9854014598540146,0.014598540145985401,0
697,7114,0.9854014598540146,0.014598540145985401,0
698,9501,0.6593939393939394,0.3406060606060606,0
699,6133,0.6593939393939394,0.3406060606060606,0
700,3703,0.4635938543754175,0.5364061456245826,1
701,0617,0.9854014598540146,0.014598540145985401,0
702,0318,0.4635938543754175,0.5364061456245826,1
703,0847,0.9854014598540146,0.014598540145985401,0
704,4906,0.9291139240506329,0.07088607594936709,0
705,3070,0.9854014598540146,0.014598540145985401,0
706,3058,0.6593939393939394,0.3406060606060606,0
707,6007,0.916,0.084,0
708,8058,0.4635938543754175,0.5364061456245826,1
709,7009,0.9291139240506329,0.07088607594936709,0
710,4080,0.4635938543754175,0.5364061456245826,1
711,7789,0.7350427350427351,0.26495726495726496,0
712,8920,0.7350427350427351,0.26495726495726496,0
713,6563,0.9291139240506329,0.07088607594936709,0
714,3258,0.6593939393939394,0.3406060606060606,0
715,5982,0.9854014598540146,0.014598540145985401,0
716,4631,0.4635938543754175,0.5364061456245826,1
717,8992,0.6593939393939394,0.3406060606060606,0
718,4931,0.4635938543754175,0.5364061456245826,1
719,7924,0.4635938543754175,0.5364061456245826,1
720,2662,0.9291139240506329,0.07088607594936709,0
721,6507,0.4635938543754175,0.5364061456245826,1
722,2971,0.4635938543754175,0.5364061456245826,1
723,6519,0.916,0.084,0
724,4742,0.7350427350427351,0.26495726495726496,0
725,5766,0.8117283950617284,0.1882716049382716,0
726,0673,0.8117283950617284,0.1882716049382716,0
727,2809,0.9291139240506329,0.07088607594936709,0
728,4011,0.6593939393939394,0.3406060606060606,0
729,1125,0.6593939393939394,0.3406060606060606,0
730,1406,0.6593939393939394,0.3406060606060606,0
731,2045,0.6593939393939394,0.3406060606060606,0
732,3961,0.6593939393939394,0.3406060606060606,0
733,0390,0.4635938543754175,0.5364061456245826,1
734,0074,0.9291139240506329,0.07088607594936709,0
735,6719,0.4635938543754175,0.5364061456245826,1
736,1360,0.7350427350427351,0.26495726495726496,0
737,6772,0.4635938543754175,0.5364061456245826,1
738,3466,0.4635938543754175,0.5364061456245826,1
739,5649,0.6593939393939394,0.3406060606060606,0
740,4872,0.9854014598540146,0.014598540145985401,0
741,4822,0.4635938543754175,0.5364061456245826,1
742,2097,0.9854014598540146,0.014598540145985401,0
743,8780,0.9854014598540146,0.014598540145985401,0
744,5453,0.4635938543754175,0.5364061456245826,1
745,4697,0.9291139240506329,0.07088607594936709,0
746,0376,0.4635938543754175,0.5364061456245826,1
747,4976,0.6593939393939394,0.3406060606060606,0
748,4054,0.8117283950617284,0.1882716049382716,0
749,4998,0.4635938543754175,0.5364061456245826,1
750,3230,0.9291139240506329,0.07088607594936709,0
751,2277,0.6593939393939394,0.3406060606060606,0
752,0516,0.8117283950617284,0.1882716049382716,0
753,3503,0.4635938543754175,0.5364061456245826,1
754,0780,0.9854014598540146,0.014598540145985401,0
755,1075,0.4635938543754175,0.5364061456245826,1
756,9845,0.9854014598540146,0.014598540145985401,0
757,3398,0.4635938543754175,0.5364061456245826,1
758,5176,0.9854014598540146,0.014598540145985401,0
759,2696,0.7350427350427351,0.26495726495726496,0
760,4329,0.7441860465116279,0.2558139534883721,0
761,5140,0.7350427350427351,0.26495726495726496,0
762,1492,0.9291139240506329,0.07088607594936709,0
763,4312,0.9854014598540146,0.014598540145985401,0
764,2684,0.4635938543754175,0.5364061456245826,1
765,8266,0.4635938543754175,0.5364061456245826,1
766,5062,0.9291139240506329,0.07088607594936709,0
767,5688,0.8117283950617284,0.1882716049382716,0
768,0219,0.4635938543754175,0.5364061456245826,1
769,9548,0.9854014598540146,0.014598540145985401,0
770,0634,0.4635938543754175,0.5364061456245826,1
771,1612,0.6593939393939394,0.3406060606060606,0
772,0804,0.6593939393939394,0.3406060606060606,0
773,8630,0.9854014598540146,0.014598540145985401,0
774,1779,0.916,0.084,0
775,9039,0.6593939393939394,0.3406060606060606,0
776,7469,0.9854014598540146,0.014598540145985401,0
777,0048,0.9291139240506329,0.07088607594936709,0
778,1047,0.4635938543754175,0.5364061456245826,1
779,9992,0.6593939393939394,0.3406060606060606,0
780,1357,0.6593939393939394,0.3406060606060606,0
781,3932,0.4635938543754175,0.5364061456245826,1
782,3727,0.4635938543754175,0.5364061456245826,1
783,4385,0.4635938543754175,0.5364061456245826,1
784,1902,0.4635938543754175,0.5364061456245826,1
785,6905,0.6593939393939394,0.3406060606060606,0
786,0388,0.4635938543754175,0.5364061456245826,1
787,1658,0.4635938543754175,0.5364061456245826,1
788,8885,0.6593939393939394,0.3406060606060606,0
789,9068,0.9854014598540146,0.014598540145985401,0
790,0670,0.8117283950617284,0.1882716049382716,0
791,0953,0.6593939393939394,0.3406060606060606,0
792,5334,0.9854014598540146,0.014598540145985401,0
793,3023,0.4635938543754175,0.5364061456245826,1
794,8190,0.9291139240506329,0.07088607594936709,0
795,1016,0.4635938543754175,0.5364061456245826,1
796,2810,0.6593939393939394,0.3406060606060606,0
797,1925,0.4635938543754175,0.5364061456245826,1
798,7663,0.916,0.084,0
799,2898,0.9291139240506329,0.07088607594936709,0
800,6797,0.916,0.084,0
801,4549,0.9291139240506329,0.07088607594936709,0
802,3956,0.4635938543754175,0.5364061456245826,1
803,9391,0.9291139240506329,0.07088607594936709,0
804,1626,0.4635938543754175,0.5364061456245826,1
805,2428,0.9854014598540146,0.014598540145985401,0
806,6701,0.9854014598540146,0.014598540145985401,0
807,3520,0.916,0.084,0
808,2259,0.9291139240506329,0.07088607594936709,0
809,2252,0.9854014598540146,0.014598540145985401,0
810,6518,0.4635938543754175,0.5364061456245826,1
811,4988,0.4635938543754175,0.5364061456245826,1
812,7746,0.6593939393939394,0.3406060606060606,0
813,9391,0.8117283950617284,0.1882716049382716,0
814,0191,0.9854014598540146,0.014598540145985401,0
815,0531,0.4635938543754175,0.5364061456245826,1
816,3716,0.916,0.084,0
817,3378,0.9291139240506329,0.07088607594936709,0
818,6647,0.7350427350427351,0.26495726495726496,0
819,5960,0.6593939393939394,0.3406060606060606,0
820,6384,0.9854014598540146,0.014598540145985401,0
821,9618,0.8117283950617284,0.1882716049382716,0
822,9770,0.7350427350427351,0.26495726495726496,0
823,3863,0.6593939393939394,0.3406060606060606,0
824,8728,0.4635938543754175,0.5364061456245826,1
825,6064,0.9854014598540146,0.014598540145985401,0
826,4753,0.7350427350427351,0.26495726495726496,0
827,9027,0.6593939393939394,0.3406060606060606,0
828,6664,0.7350427350427351,0.26495726495726496,0
829,6893,0.9291139240506329,0.07088607594936709,0
830,4057,0.9854014598540146,0.014598540145985401,0
831,8718,0.6593939393939394,0.3406060606060606,0
832,8466,0.916,0.084,0
833,3387,0.4635938543754175,0.5364061456245826,1
834,4826,0.9291139240506329,0.07088607594936709,0
835,5043,0.4635938543754175,0.5364061456245826,1
836,2996,0.9854014598540146,0.014598540145985401,0
837,1360,0.7350427350427351,0.26495726495726496,0
838,3043,0.8117283950617284,0.1882716049382716,0
839,0929,0.4635938543754175,0.5364061456245826,1
840,7673,0.9854014598540146,0.014598540145985401,0
841,1010,0.4635938543754175,0.5364061456245826,1
842,0925,0.4635938543754175,0.5364061456245826,1
843,2968,0.4635938543754175,0.5364061456245826,1
844,5951,0.6593939393939394,0.3406060606060606,0
845,2927,0.9291139240506329,0.07088607594936709,0
846,8597,0.9291139240506329,0.07088607594936709,0
847,4636,0.9291139240506329,0.07088607594936709,0
848,1697,0.6593939393939394,0.3406060606060606,0
849,1139,0.9854014598540146,0.014598540145985401,0
850,9611,0.4635938543754175,0.5364061456245826,1
851,0880,0.4635938543754175,0.5364061456245826,1
852,9095,0.4635938543754175,0.5364061456245826,1
853,9137,0.8117283950617284,0.1882716049382716,0
854,5071,0.6593939393939394,0.3406060606060606,0
855,3898,0.9291139240506329,0.07088607594936709,0
856,6859,0.6593939393939394,0.3406060606060606,0
857,7586,0.4635938543754175,0.5364061456245826,1
858,8197,0.9854014598540146,0.014598540145985401,0
859,2233,0.6593939393939394,0.3406060606060606,0
860,6341,0.9291139240506329,0.07088607594936709,0
861,7049,0.9291139240506329,0.07088607594936709,0
862,9985,0.4635938543754175,0.5364061456245826,1
863,2205,0.9291139240506329,0.07088607594936709,0
864,6969,0.4635938543754175,0.5364061456245826,1
865,4510,0.6593939393939394,0.3406060606060606,0
866,4847,0.6593939393939394,0.3406060606060606,0
867,5075,0.9854014598540146,0.014598540145985401,0
868,5968,0.9291139240506329,0.07088607594936709,0
869,4576,0.9291139240506329,0.07088607594936709,0
870,2739,0.4635938543754175,0.5364061456245826,1
871,6479,0.9854014598540146,0.014598540145985401,0
872,3269,0.4635938543754175,0.5364061456245826,1
873,0743,0.9291139240506329,0.07088607594936709,0
874,4847,0.4635938543754175,0.5364061456245826,1
875,5989,0.9291139240506329,0.07088607594936709,0
876,5233,0.6593939393939394,0.3406060606060606,0
877,0661,0.6593939393939394,0.3406060606060606,0
878,6195,0.9291139240506329,0.07088607594936709,0
879,5002,0.4635938543754175,0.5364061456245826,1
880,8566,0.8117283950617284,0.1882716049382716,0
881,8869,0.916,0.084,0
882,6933,0.9291139240506329,0.07088607594936709,0
883,8981,0.4635938543754175,0.5364061456245826,1
884,8410,0.8117283950617284,0.1882716049382716,0
885,0818,0.4635938543754175,0.5364061456245826,1
886,4730,0.9291139240506329,0.07088607594936709,0
887,6015,0.4635938543754175,0.5364061456245826,1
888,7683,0.6593939393939394,0.3406060606060606,0
889,8468,0.9854014598540146,0.014598540145985401,0
890,9057,0.4635938543754175,0.5364061456245826,1
891,7817,0.4635938543754175,0.5364061456245826,1
892,7753,0.9291139240506329,0.07088607594936709,0
893,1635,0.9854014598540146,0.014598540145985401,0
894,2454,0.4635938543754175,0.5364061456245826,1
895,5996,0.9854014598540146,0.014598540145985401,0
896,4480,0.7350427350427351,0.26495726495726496,0
897,3865,0.4635938543754175,0.5364061456245826,1
898,9531,0.9291139240506329,0.07088607594936709,0
899,2884,0.4635938543754175,0.5364061456245826,1
900,9805,0.9291139240506329,0.07088607594936709,0
901,2495,0.9291139240506329,0.07088607594936709,0
902,9617,0.4635938543754175,0.5364061456245826,1
903,6141,0.8117283950617284,0.1882716049382716,0
904,8808,0.4635938543754175,0.5364061456245826,1
905,5835,0.4635938543754175,0.5364061456245826,1
906,5918,0.9291139240506329,0.07088607594936709,0
907,8614,0.6593939393939394,0.3406060606060606,0
908,6705,0.4635938543754175,0.5364061456245826,1
909,0696,0.6593939393939394,0.3406060606060606,0
910,9114,0.9291139240506329,0.07088607594936709,0
911,0135,0.4635938543754175,0.5364061456245826,1
912,7554,0.6593939393939394,0.3406060606060606,0
913,0247,0.8117283950617284,0.1882716049382716,0
914,3638,0.9854014598540146,0.014598540145985401,0
915,5035,0.4635938543754175,0.5364061456245826,1
916,2284,0.7350427350427351,0.26495726495726496,0
917,0021,0.4635938543754175,0.5364061456245826,1
918,1760,0.8117283950617284,0.1882716049382716,0
919,2675,0.4635938543754175,0.5364061456245826,1
920,0585,0.4635938543754175,0.5364061456245826,1
921,1448,0.7350427350427351,0.26495726495726496,0
922,5387,0.9291139240506329,0.07088607594936709,0
923,1839,0.9291139240506329,0.07088607594936709,0
924,6259,0.4635938543754175,0.5364061456245826,1
925,6061,0.9291139240506329,0.07088607594936709,0
926,3841,0.916,0.084,0
927,7480,0.9854014598540146,0.014598540145985401,0
928,4277,0.4635938543754175,0.5364061456245826,1
929,0870,0.6593939393939394,0.3406060606060606,0
930,0823,0.6593939393939394,0.3406060606060606,0
931,7601,0.9854014598540146,0.014598540145985401,0
932,9167,0.4635938543754175,0.5364061456245826,1
933,1977,0.4635938543754175,0.5364061456245826,1
934,4821,0.4635938543754175,0.5364061456245826,1
935,7654,0.9291139240506329,0.07088607594936709,0
936,6522,0.4635938543754175,0.5364061456245826,1
937,4065,0.6593939393939394,0.3406060606060606,0
938,4139,0.6593939393939394,0.3406060606060606,0
939,9752,0.6593939393939394,0.3406060606060606,0
940,1015,0.9291139240506329,0.07088607594936709,0
941,0895,0.9291139240506329,0.07088607594936709,0
942,9909,0.7350427350427351,0.26495726495726496,0
943,7188,0.7350427350427351,0.26495726495726496,0
944,7295,0.4635938543754175,0.5364061456245826,1
945,6265,0.9854014598540146,0.014598540145985401,0
946,8720,0.6593939393939394,0.3406060606060606,0
947,1379,0.4635938543754175,0.5364061456245826,1
948,1498,0.8117283950617284,0.1882716049382716,0
949,5324,0.9291139240506329,0.07088607594936709,0
950,0550,0.4635938543754175,0.5364061456245826,1
951,3249,0.4635938543754175,0.5364061456245826,1
952,2770,0.6593939393939394,0.3406060606060606,0
953,5628,0.4635938543754175,0.5364061456245826,1
954,1697,0.9291139240506329,0.07088607594936709,0
955,5141,0.4635938543754175,0.5364061456245826,1
956,7302,0.8117283950617284,0.1882716049382716,0
957,3786,0.7350427350427351,0.26495726495726496,0
958,6546,0.9291139240506329,0.07088607594936709,0
959,7786,0.4635938543754175,0.5364061456245826,1
960,9643,0.4635938543754175,0.5364061456245826,1
961,1624,0.4635938543754175,0.5364061456245826,1
962,3908,0.4635938543754175,0.5364061456245826,1
963,7815,0.9854014598540146,0.014598540145985401,0
964,4476,0.7350427350427351,0.26495726495726496,0
965,9586,0.916,0.084,0
966,5696,0.916,0.084,0
967,0623,0.6593939393939394,0.3406060606060606,0
968,8174,0.9854014598540146,0.014598540145985401,0
969,6857,0.9854014598540146,0.014598540145985401,0
970,3658,0.9291139240506329,0.07088607594936709,0
971,8167,0.6593939393939394,0.3406060606060606,0
972,3658,0.6593939393939394,0.3406060606060606,0
973,2848,0.9854014598540146,0.014598540145985401,0
974,0308,0.7350427350427351,0.26495726495726496,0
975,8050,0.9854014598540146,0.014598540145985401,0
976,4957,0.6593939393939394,0.3406060606060606,0
977,4547,0.9291139240506329,0.07088607594936709,0
978,9117,0.6593939393939394,0.3406060606060606,0
979,2446,0.4635938543754175,0.5364061456245826,1
980,5590,0.6593939393939394,0.3406060606060606,0
981,4719,0.8117283950617284,0.1882716049382716,0
982,4718,0.6593939393939394,0.3406060606060606,0
983,6121,0.8117283950617284,0.1882716049382716,0
984,9975,0.9854014598540146,0.014598540145985401,0
985,4002,0.4635938543754175,0.5364061456245826,1
986,4940,0.9854014598540146,0.014598540145985401,0
987,8356,0.6593939393939394,0.3406060606060606,0
988,4418,0.6593939393939394,0.3406060606060606,0
989,0376,0.4635938543754175,0.5364061456245826,1
990,3460,0.9854014598540146,0.014598540145985401,0
991,7721,0.6593939393939394,0.3406060606060606,0
992,1849,0.6593939393939394,0.3406060606060606,0
993,7551,0.6593939393939394,0.3406060606060606,0
994,6651,0.9854014598540146,0.014598540145985401,0
995,0980,0.6593939393939394,0.3406060606060606,0
996,7270,0.4635938543754175,0.5364061456245826,1
997,4003,0.9291139240506329,0.07088607594936709,0
998,5016,0.4635938543754175,0.5364061456245826,1
999,3466,0.6593939393939394,0.3406060606060606,0
1000,2474,0.4635938543754175,0.5364061456245826,1
1001,5753,0.9291139240506329,0.07088607594936709,0
1002,5846,0.9854014598540146,0.014598540145985401,0
1003,4806,0.916,0.084,0
1004,8966,0.9854014598540146,0.014598540145985401,0
1005,7609,0.9291139240506329,0.07088607594936709,0
1006,5917,0.9291139240506329,0.07088607594936709,0
1007,2777,0.4635938543754175,0.5364061456245826,1
1008,3354,0.9291139240506329,0.07088607594936709,0
1009,0602,0.9854014598540146,0.014598540145985401,0
1010,0541,0.6593939393939394,0.3406060606060606,0
1011,7169,0.9854014598540146,0.014598540145985401,0
1012,7845,0.8117283950617284,0.1882716049382716,0
1013,7973,0.9854014598540146,0.014598540145985401,0
1014,4290,0.4635938543754175,0.5364061456245826,1
1015,0567,0.9854014598540146,0.014598540145985401,0
1016,3655,0.916,0.084,0
1017,9134,0.9291139240506329,0.07088607594936709,0
1018,6217,0.9854014598540146,0.014598540145985401,0
1019,6956,0.4635938543754175,0.5364061456245826,1
1020,9507,0.4635938543754175,0.5364061456245826,1
1021,0661,0.9291139240506329,0.07088607594936709,0
1022,1093,0.9854014598540146,0.014598540145985401,0
1023,1976,0.6593939393939394,0.3406060606060606,0
1024,6818,0.4635938543754175,0.5364061456245826,1
1025,9631,0.6593939393939394,0.3406060606060606,0
1026,7594,0.4635938543754175,0.5364061456245826,1
1027,1397,0.9291139240506329,0.07088607594936709,0
1028,4237,0.8117283950617284,0.1882716049382716,0
1029,6784,0.9291139240506329,0.07088607594936709,0
1030,2789,0.4635938543754175,0.5364061456245826,1
1031,0212,0.6593939393939394,0.3406060606060606,0
1032,8012,0.4635938543754175,0.5364061456245826,1
1033,7831,0.4635938543754175,0.5364061456245826,1
1034,8519,0.4635938543754175,0.5364061456245826,1
1035,2990,0.9854014598540146,0.014598540145985401,0
1036,2832,0.8117283950617284,0.1882716049382716,0
1037,8108,0.6593939393939394,0.3406060606060606,0
1038,1866,0.9291139240506329,0.07088607594936709,0
1039,6298,0.4635938543754175,0.5364061456245826,1
1040,6519,0.6593939393939394,0.3406060606060606,0
1041,9360,0.7350427350427351,0.26495726495726496,0
1042,3724,0.9291139240506329,0.07088607594936709,0
1043,4365,0.8117283950617284,0.1882716049382716,0
1044,9418,0.9854014598540146,0.014598540145985401,0
1045,8570,0.9291139240506329,0.07088607594936709,0
1046,7693,0.4635938543754175,0.5364061456245826,1
1047,7812,0.6593939393939394,0.3406060606060606,0
1048,7876,0.9291139240506329,0.07088607594936709,0
1049,8413,0.4635938543754175,0.5364061456245826,1
1050,9878,0.4635938543754175,0.5364061456245826,1
1051,8336,0.9854014598540146,0.014598540145985401,0
1052,1730,0.6593939393939394,0.3406060606060606,0
1053,0940,0.4635938543754175,0.5364061456245826,1
1054,5995,0.9291139240506329,0.07088607594936709,0
